Cement,Blast_Furnace_Slag_,Fly_Ash,Water,Superplasticizer,Coarse_Aggregate,Fine_Aggregate,Age_day,Concrete_compressive_strength
531.3,0.0,0.0,141.8,28.2,852.1,893.7,3,41.2996
475.0,0.0,0.0,228.0,0.0,932.0,594.0,7,38.6038
277.05,0.0,97.39,160.6,11.83,973.9,875.61,3,23.1388
436.0,0.0,0.0,218.0,0.0,838.4,719.7,28,23.849
166.8,250.2,0.0,203.5,0.0,975.6,692.6,7,15.7483
312.7,144.7,0.0,127.3,8.0,999.7,822.2,28,44.5236
295.71,0.0,95.64,171.54,8.87,955.14,859.2,100,52.0416
233.81,0.0,94.58,197.89,4.567,947.04,852.16,3,10.3835
331.0,0.0,0.0,192.0,0.0,978.0,825.0,7,16.2647
284.0,15.0,141.0,179.0,5.46,842.0,801.0,7,24.1317
387.0,20.0,94.0,157.0,13.93,938.0,845.0,28,46.6844
342.0,38.0,0.0,228.0,0.0,932.0,670.0,270,55.0643
389.9,189.0,0.0,145.9,22.0,944.7,755.8,56,79.4001
290.35,0.0,96.18,168.08,9.41,961.18,865.0,3,22.5045
298.1,0.0,107.5,163.6,12.8,953.2,784.0,28,35.8659
236.0,0.0,0.0,194.0,0.0,968.0,885.0,14,12.838
387.0,20.0,94.0,157.0,14.32,938.0,845.0,3,22.7527
212.0,141.3,0.0,203.5,0.0,973.4,750.0,90,39.7
297.16,0.0,117.54,174.8,9.52,1022.8,753.45,100,56.7439
296.0,0.0,0.0,186.0,0.0,1090.0,769.0,28,25.1797
246.83,0.0,125.08,143.3,11.99,1086.8,800.89,14,42.2166
246.83,0.0,125.08,143.3,11.99,1086.8,800.89,28,52.5036
165.0,0.0,150.0,182.0,12.0,1023.0,729.0,28,18.0298
277.19,97.82,24.46,160.7,11.19,1061.7,782.46,56,66.824
380.0,95.0,0.0,228.0,0.0,932.0,594.0,7,32.8232
540.0,0.0,0.0,173.0,0.0,1125.0,613.0,90,69.6578
332.5,142.5,0.0,228.0,0.0,932.0,594.0,270,40.2695
310.0,0.0,0.0,192.0,0.0,970.0,850.0,7,14.9892
376.0,0.0,0.0,214.6,0.0,1003.5,762.36,28,31.971
167.0,187.0,195.0,185.0,7.0,898.0,636.0,28,23.8903
382.5,0.0,0.0,185.7,0.0,1047.8,739.3,7,24.0655
218.85,0.0,124.13,158.49,11.33,1078.7,794.91,14,26.0484
166.0,259.7,0.0,183.2,12.7,858.8,826.8,28,37.917
424.0,22.0,132.0,178.0,8.48,822.0,750.0,28,62.0528
192.0,288.0,0.0,192.0,0.0,929.8,716.1,90,50.7323
475.0,0.0,0.0,228.0,0.0,932.0,594.0,270,42.1311
266.0,114.0,0.0,228.0,0.0,932.0,670.0,365,52.9083
212.52,0.0,100.37,159.32,8.71,1007.8,903.59,14,26.3104
281.0,0.0,0.0,186.0,0.0,1104.0,774.0,28,22.4355
190.34,0.0,125.18,161.85,9.88,1088.1,802.59,28,28.4685
480.0,0.0,0.0,192.0,0.0,936.2,712.2,28,43.9424
332.5,142.5,0.0,228.0,0.0,932.0,594.0,365,41.0528
167.95,42.08,163.83,121.75,5.72,1058.7,780.11,100,39.2312
251.37,0.0,118.27,192.94,5.75,1043.6,754.3,56,39.2657
154.0,144.0,112.0,220.0,10.0,923.0,658.0,28,16.4992
160.2,188.0,146.4,203.2,11.3,828.7,709.7,28,35.3143
425.0,106.3,0.0,153.5,16.5,852.1,887.1,28,60.2947
330.5,169.6,0.0,194.9,8.1,811.0,802.3,28,56.6191
388.6,97.1,0.0,157.9,12.1,852.1,925.7,3,28.0961
286.3,200.9,0.0,144.7,11.2,1004.6,803.7,3,24.4006
277.0,0.0,0.0,191.0,0.0,968.0,856.0,28,25.9657
323.7,282.8,0.0,183.8,10.3,942.7,659.9,3,28.2961
251.37,0.0,118.27,188.45,5.75,1028.4,757.73,100,43.5818
299.8,0.0,119.8,211.5,9.9,878.2,727.6,28,23.8359
165.0,0.02,143.57,163.81,0.0,1005.6,900.9,28,26.2001
102.0,153.0,0.0,192.0,0.0,887.0,942.0,7,7.67594
255.0,0.0,0.0,192.0,0.0,889.8,945.0,28,18.7462
151.6,0.0,111.9,184.4,7.9,992.0,815.9,28,12.181
178.03,129.8,118.6,179.94,3.57,1007.3,746.8,100,49.9939
266.0,114.0,0.0,228.0,0.0,932.0,670.0,90,47.0298
250.0,0.0,95.69,191.84,5.33,948.9,857.2,14,24.6557
387.0,20.0,94.0,157.0,14.32,938.0,845.0,7,36.8387
318.8,212.5,0.0,155.7,14.3,852.1,880.4,7,33.3982
210.7,316.1,0.0,185.7,0.0,977.0,689.3,28,37.8136
451.0,0.0,0.0,165.0,11.25,1030.0,745.0,28,78.8002
284.0,120.0,0.0,168.0,7.0,970.0,794.0,28,40.9342
182.04,45.21,121.97,170.21,8.19,1059.4,780.65,14,21.5048
288.0,192.0,0.0,192.0,0.0,932.0,717.8,90,50.5269
165.0,0.02,143.57,163.81,0.0,1005.6,900.9,3,14.3963
141.3,212.0,0.0,203.5,0.0,971.8,748.5,3,4.82771
167.35,129.9,128.62,175.46,7.79,1006.3,746.6,28,41.2031
144.0,136.0,106.0,178.0,7.0,941.0,774.0,28,26.1449
362.6,189.0,0.0,164.9,11.6,944.7,755.8,28,71.2987
250.0,0.0,95.69,191.84,5.33,948.9,857.2,56,39.6449
251.37,0.0,118.27,188.45,5.75,1028.4,757.73,3,17.2231
214.9,53.8,121.89,155.63,9.61,1014.3,780.58,28,52.2002
475.0,0.0,0.0,228.0,0.0,932.0,594.0,28,39.2898
166.09,0.0,163.27,176.46,4.49,1058.6,780.09,14,25.483
155.0,183.0,0.0,193.0,9.0,877.0,868.0,28,23.7869
362.6,189.0,0.0,164.9,11.6,944.7,755.8,3,35.3012
236.9,91.7,71.5,246.9,6.0,852.9,695.4,28,28.6298
491.0,26.0,123.0,210.0,3.93,882.0,699.0,7,33.4888
203.5,305.3,0.0,203.5,0.0,963.4,630.0,90,51.8638
212.57,0.0,100.39,159.35,10.37,1003.8,903.79,100,47.7393
251.81,0.0,99.94,146.14,12.35,1006.0,899.76,28,33.9429
213.76,98.06,24.52,181.74,6.65,1066.0,785.52,14,17.8367
281.0,0.0,0.0,185.0,0.0,1104.0,774.0,28,22.4355
520.0,0.0,0.0,170.0,5.2,855.0,855.0,28,60.2809
446.0,24.0,79.0,162.0,11.61,967.0,712.0,3,35.3632
250.0,0.0,95.69,187.42,5.53,956.86,861.17,28,29.22
148.5,139.4,108.6,192.7,6.1,892.4,780.0,28,23.6966
528.0,0.0,0.0,185.0,6.86,920.0,720.0,28,56.8335
397.0,0.0,0.0,185.0,0.0,1040.0,734.0,28,39.0933
173.0,116.0,0.0,192.0,0.0,946.8,856.8,28,24.282
349.0,0.0,0.0,192.0,0.0,1056.0,809.0,3,15.8717
153.0,102.0,0.0,192.0,0.0,888.0,943.1,3,4.78221
236.0,0.0,0.0,194.0,0.0,968.0,885.0,3,6.46728
336.5,0.0,0.0,181.9,3.4,985.8,816.8,28,44.8683
405.0,0.0,0.0,175.0,0.0,1120.0,695.0,28,52.3036
380.0,95.0,0.0,228.0,0.0,932.0,594.0,28,36.4478
379.5,151.2,0.0,153.9,15.9,1134.3,605.0,91,56.4957
203.5,135.7,0.0,185.7,0.0,1076.2,759.3,7,11.9576
190.34,0.0,125.18,166.61,9.88,1079.0,798.9,100,33.5637
321.0,164.0,0.0,190.0,5.0,870.0,774.0,28,57.2127
167.35,129.9,128.62,175.46,7.79,1006.3,746.6,14,31.8124
154.8,0.0,142.8,193.3,9.1,877.2,867.7,28,9.73816
382.5,0.0,0.0,185.7,0.0,1047.8,739.3,28,37.4379
277.0,0.0,0.0,191.0,0.0,968.0,856.0,180,32.3295
339.0,0.0,0.0,197.0,0.0,968.0,781.0,365,38.8933
150.0,236.8,0.0,173.8,11.9,1069.3,674.8,28,37.4317
166.8,250.2,0.0,203.5,0.0,975.6,692.6,90,43.5652
151.0,0.0,185.0,167.0,16.0,1074.0,678.0,28,13.4586
193.5,290.2,0.0,185.7,0.0,998.2,704.3,28,32.6267
236.0,0.0,0.0,193.0,0.0,968.0,885.0,180,24.1041
349.0,0.0,0.0,192.0,0.0,1056.0,809.0,120,40.8583
446.0,24.0,79.0,162.0,10.3,967.0,712.0,28,53.3861
152.0,0.0,112.0,184.0,8.0,992.0,816.0,28,12.1761
250.0,0.0,95.69,187.42,5.53,956.86,861.17,56,38.328
277.0,0.0,0.0,191.0,0.0,968.0,856.0,90,31.2539
540.0,0.0,0.0,173.0,0.0,1125.0,613.0,270,74.1669
213.76,98.06,24.52,181.74,6.65,1066.0,785.52,28,40.2309
318.8,212.5,0.0,155.7,14.3,852.1,880.4,3,25.2003
475.0,118.8,0.0,181.1,8.9,852.1,781.5,91,74.1945
252.31,0.0,98.75,146.25,14.17,987.76,889.01,28,50.6006
296.0,0.0,106.7,221.4,10.5,819.2,778.4,28,31.4201
213.5,0.0,174.24,154.61,11.66,1052.3,775.48,56,51.4349
261.9,110.5,86.1,195.4,5.0,895.2,732.6,28,33.7188
214.9,53.8,121.89,155.63,9.61,1014.3,780.58,100,56.6336
381.4,0.0,0.0,185.7,0.0,1104.6,784.3,28,22.4893
359.0,19.0,141.0,154.0,10.91,942.0,801.0,56,66.7807
531.3,0.0,0.0,141.8,28.2,852.1,893.7,56,58.7985
339.2,0.0,0.0,185.7,0.0,1069.2,754.3,7,21.1793
275.07,0.0,121.35,159.48,9.9,1053.6,777.5,14,38.7692
159.8,250.0,0.0,168.4,12.2,1049.3,688.2,28,39.456
252.5,0.0,0.0,185.7,0.0,1111.6,784.3,28,19.7652
540.0,0.0,0.0,162.0,2.5,1040.0,676.0,28,79.9861
297.16,0.0,117.54,174.8,9.52,1022.8,753.45,14,36.9904
349.0,0.0,0.0,192.0,0.0,1056.0,809.0,90,40.6584
316.1,210.7,0.0,185.7,0.0,977.0,689.3,28,38.7003
250.0,0.0,0.0,182.0,0.0,1100.0,820.0,7,12.7346
272.8,181.9,0.0,185.7,0.0,1012.4,714.3,7,19.7652
491.0,26.0,123.0,210.0,3.93,882.0,699.0,56,59.5904
252.0,0.0,0.0,185.0,0.0,1111.0,784.0,28,19.6914
194.68,0.0,100.52,165.62,7.48,1006.4,905.9,28,25.7243
374.0,189.2,0.0,170.1,10.1,926.1,756.7,56,63.3973
167.35,129.9,128.62,175.46,7.79,1006.3,746.6,56,51.7245
165.0,128.5,132.1,175.06,8.08,1005.8,746.6,56,53.724
193.5,290.2,0.0,185.7,0.0,998.2,704.3,7,17.2004
154.0,174.0,185.0,228.0,7.0,845.0,612.0,28,24.3385
425.0,106.3,0.0,153.5,16.5,852.1,887.1,7,49.201
134.7,0.0,165.7,180.2,10.0,961.0,804.9,28,13.2938
212.07,0.0,121.62,180.31,5.69,1057.6,779.32,14,20.9187
168.88,42.22,124.25,158.33,10.83,1080.8,796.15,100,48.153
136.0,196.0,98.0,199.0,6.0,847.0,783.0,28,26.9654
485.0,0.0,0.0,146.0,0.0,1120.0,800.0,28,71.9882
251.81,0.0,99.94,146.14,12.35,1006.0,899.76,14,33.3568
469.0,117.2,0.0,137.8,32.2,852.1,840.5,56,69.2992
252.31,0.0,98.75,146.25,14.17,987.76,889.01,3,21.7805
236.0,0.0,0.0,194.0,0.0,968.0,885.0,28,18.4159
213.5,0.0,174.24,154.61,11.66,1052.3,775.48,14,33.7016
313.3,262.2,0.0,175.5,8.6,1046.9,611.8,91,66.5965
172.38,13.61,172.37,156.76,4.14,1006.3,856.4,56,35.8528
236.0,0.0,0.0,194.0,0.0,968.0,885.0,90,21.946
401.8,94.7,0.0,147.4,11.4,946.8,852.1,56,73.6981
288.0,192.0,0.0,192.0,0.0,932.0,717.8,7,23.5235
222.36,0.0,96.67,189.29,4.46,967.08,870.32,100,40.7136
427.5,47.5,0.0,228.0,0.0,932.0,594.0,28,37.4275
312.9,160.5,0.0,177.6,9.6,916.6,759.5,28,52.4464
190.34,0.0,125.18,161.85,9.88,1088.1,802.59,56,38.5624
139.7,163.9,127.7,236.7,5.8,868.6,655.6,28,35.2253
382.0,0.0,0.0,186.0,0.0,1047.0,739.0,28,37.4248
233.81,0.0,94.58,197.89,4.567,947.04,852.16,100,34.5565
424.0,22.0,132.0,168.0,8.92,822.0,750.0,56,74.3649
439.0,177.0,0.0,186.0,11.1,884.9,707.9,56,71.6986
194.68,0.0,100.52,165.62,7.48,1006.4,905.9,56,33.9636
380.0,95.0,0.0,228.0,0.0,932.0,594.0,365,43.6983
522.0,0.0,0.0,146.0,0.0,896.0,896.0,7,50.511
108.3,162.4,0.0,203.5,0.0,938.2,849.0,90,29.2317
425.0,106.3,0.0,151.4,18.6,936.0,803.7,3,36.3009
305.3,203.5,0.0,203.5,0.0,965.4,631.0,90,54.5989
252.1,97.1,75.6,193.8,8.3,835.5,821.4,28,33.3996
212.57,0.0,100.39,159.35,10.37,1003.8,903.79,56,44.3954
425.0,106.3,0.0,153.5,16.5,852.1,887.1,91,65.1969
322.0,0.0,0.0,203.0,0.0,974.0,800.0,14,20.7739
212.52,0.0,100.37,159.32,8.71,1007.8,903.59,100,42.9199
238.05,0.0,94.11,186.66,7.0,949.91,847.01,3,19.9328
491.0,26.0,123.0,210.0,3.93,882.0,699.0,3,25.6091
321.0,0.0,128.0,182.0,11.0,870.0,780.0,28,37.2593
388.6,97.1,0.0,157.9,12.1,852.1,925.7,56,55.1994
288.4,121.0,0.0,177.4,7.0,907.9,829.5,28,42.1401
160.0,250.0,0.0,168.0,12.0,1049.0,688.0,28,39.4518
229.97,0.0,118.31,195.47,4.63,1029.4,758.59,3,10.0319
427.5,47.5,0.0,228.0,0.0,932.0,594.0,365,43.6983
298.2,0.0,107.0,209.7,11.1,879.6,744.2,28,31.8752
313.3,262.2,0.0,175.5,8.6,1046.9,611.8,28,59.7983
143.0,169.0,143.0,191.0,8.0,967.0,643.0,28,29.7233
475.0,0.0,0.0,228.0,0.0,932.0,594.0,365,41.9346
238.2,158.8,0.0,185.7,0.0,1040.6,734.3,7,15.6911
260.0,101.0,78.0,171.0,10.0,936.0,763.0,28,49.7733
200.0,0.0,0.0,180.0,0.0,1125.0,845.0,7,7.83934
262.0,111.0,86.0,195.0,5.0,895.0,733.0,28,33.7154
380.0,0.0,0.0,228.0,0.0,932.0,670.0,365,52.5167
236.0,157.0,0.0,192.0,0.0,972.6,749.1,3,13.5654
446.0,24.0,79.0,162.0,11.64,967.0,712.0,28,44.4229
255.5,170.3,0.0,185.7,0.0,1026.6,724.3,7,17.2362
250.2,166.8,0.0,203.5,0.0,977.6,694.1,90,47.7145
339.0,0.0,0.0,185.0,0.0,1069.0,754.0,7,21.16
272.6,0.0,89.6,198.7,10.6,931.3,762.2,28,32.2454
218.23,54.64,123.78,140.75,11.91,1075.7,792.67,56,61.9908
190.0,190.0,0.0,228.0,0.0,932.0,670.0,180,46.9319
212.0,141.3,0.0,203.5,0.0,973.4,750.0,3,6.80858
255.0,0.0,0.0,192.0,0.0,889.8,945.0,90,21.8591
148.1,0.0,136.6,158.1,16.1,1001.8,830.1,28,17.9595
116.0,173.0,0.0,192.0,0.0,909.8,891.9,90,31.0237
181.38,0.0,167.01,169.59,7.56,1055.6,777.8,100,45.3675
210.7,316.1,0.0,185.7,0.0,977.0,689.3,7,21.8198
296.0,0.0,0.0,186.0,0.0,1090.0,769.0,7,18.9123
145.4,0.0,178.9,201.7,7.8,824.0,868.7,28,10.5359
277.0,116.8,91.0,190.6,7.0,946.5,665.6,28,43.5783
331.0,170.0,0.0,195.0,8.0,811.0,802.0,28,56.6129
446.0,24.0,79.0,162.0,11.64,967.0,712.0,28,51.0212
380.0,95.0,0.0,228.0,0.0,932.0,594.0,90,40.5633
136.0,162.0,126.0,172.0,10.0,923.0,764.0,28,29.0683
424.0,22.0,132.0,168.0,8.92,822.0,750.0,28,72.0985
316.1,210.7,0.0,185.7,0.0,977.0,689.3,7,24.4378
159.1,186.7,0.0,175.6,11.3,989.6,788.9,28,32.768
397.0,17.2,158.0,167.0,20.8,967.0,633.0,28,55.6476
379.5,151.2,0.0,153.9,15.9,1134.3,605.0,3,28.5995
266.0,114.0,0.0,228.0,0.0,932.0,670.0,270,51.7328
173.54,50.05,173.53,164.77,6.47,1006.2,793.5,100,56.0613
168.88,42.22,124.25,158.33,10.83,1080.8,796.15,28,31.1161
295.71,0.0,95.64,171.54,8.87,955.14,859.2,3,22.9458
516.0,0.0,0.0,162.0,8.2,801.0,802.0,28,41.3686
376.0,0.0,0.0,214.6,0.0,1003.5,762.36,100,43.0578
164.2,0.0,200.1,181.2,12.6,849.3,846.0,28,15.0913
290.35,0.0,96.18,168.08,9.41,961.18,865.0,56,45.0848
427.5,47.5,0.0,228.0,0.0,932.0,594.0,270,43.013
212.07,0.0,121.62,180.31,5.69,1057.6,779.32,28,24.9039
333.0,17.5,163.0,167.0,17.9,996.0,652.0,28,47.2774
202.0,11.0,141.0,206.0,1.72,942.0,801.0,56,23.2452
302.0,0.0,0.0,203.0,0.0,974.0,817.0,28,21.753
238.05,0.0,94.11,186.66,7.0,949.91,847.01,56,39.5897
339.0,0.0,0.0,197.0,0.0,968.0,781.0,7,20.967
331.0,0.0,0.0,192.0,0.0,1025.0,821.0,7,17.4368
277.0,0.0,0.0,191.0,0.0,968.0,856.0,14,21.2634
228.0,342.1,0.0,185.7,0.0,955.8,674.3,28,39.6993
203.5,305.3,0.0,203.5,0.0,963.4,630.0,3,9.56165
295.0,0.0,0.0,185.0,0.0,1069.0,769.0,28,25.1797
190.68,0.0,125.4,162.14,7.77,1090.0,804.01,14,21.0635
153.0,102.0,0.0,192.0,0.0,888.0,943.1,28,17.9643
166.8,250.2,0.0,203.5,0.0,975.6,692.6,28,33.9477
277.0,0.0,0.0,191.0,0.0,968.0,856.0,3,11.3626
333.0,0.0,0.0,192.0,0.0,931.2,842.6,28,31.9669
194.68,0.0,100.52,170.17,7.48,998.0,901.8,3,12.1761
222.36,0.0,96.67,189.29,4.46,967.08,870.32,56,29.4475
231.75,0.0,121.62,173.96,6.72,1056.4,778.45,56,42.6992
157.0,236.0,0.0,192.0,0.0,935.4,781.2,28,33.6644
313.0,145.0,0.0,178.0,8.0,1002.0,689.0,28,41.0514
108.3,162.4,0.0,203.5,0.0,938.2,849.0,7,7.72351
234.0,156.0,0.0,189.0,5.85,981.0,760.0,28,39.3001
172.38,13.61,172.37,156.76,4.14,1006.3,856.4,28,33.6878
375.0,93.8,0.0,126.6,23.4,852.1,992.6,3,28.9994
469.0,117.2,0.0,137.8,32.2,852.1,840.5,28,66.8999
170.3,155.5,0.0,185.7,0.0,1026.6,724.3,7,10.7303
192.0,288.0,0.0,192.0,0.0,929.8,716.1,28,39.3215
190.34,0.0,125.18,166.61,9.88,1079.0,798.9,3,12.5485
389.9,189.0,0.0,145.9,22.0,944.7,755.8,7,59.095
388.6,97.1,0.0,157.9,12.1,852.1,925.7,28,50.6972
250.0,0.0,95.69,191.84,5.33,948.9,857.2,28,27.2205
238.0,0.0,0.0,186.0,0.0,1119.0,789.0,7,12.052
446.0,24.0,79.0,162.0,11.61,967.0,712.0,56,61.0669
165.0,128.5,132.1,175.06,8.08,1005.8,746.6,28,46.3879
375.0,93.8,0.0,126.6,23.4,852.1,992.6,7,45.6985
155.2,183.9,143.2,193.8,9.2,879.6,698.5,28,28.9911
313.3,262.2,0.0,175.5,8.6,1046.9,611.8,7,42.7958
218.23,54.64,123.78,140.75,11.91,1075.7,792.67,14,35.9562
321.4,0.0,127.9,182.5,11.5,870.1,779.7,28,37.2655
326.5,0.0,137.9,199.0,10.8,801.1,792.5,28,38.6306
144.8,0.0,133.6,180.8,11.1,979.5,811.5,28,13.2021
164.0,163.0,128.0,197.0,8.0,961.0,641.0,28,27.2343
307.0,0.0,0.0,193.0,0.0,968.0,812.0,180,34.4876
400.0,0.0,0.0,187.0,0.0,1025.0,745.0,28,43.699
469.0,117.2,0.0,137.8,32.2,852.1,840.5,7,54.8961
198.6,132.4,0.0,192.0,0.0,978.4,825.5,28,28.0217
165.0,128.5,132.1,175.06,8.08,1005.8,746.6,14,33.088
239.6,359.4,0.0,185.7,0.0,941.6,664.3,28,39.4353
380.0,0.0,0.0,228.0,0.0,932.0,670.0,180,53.1041
237.5,237.5,0.0,228.0,0.0,932.0,594.0,365,38.9954
213.5,0.0,174.24,154.61,11.66,1052.3,775.48,100,59.3018
233.81,0.0,94.58,197.89,4.567,947.04,852.16,28,22.8354
359.0,19.0,141.0,154.0,10.91,942.0,801.0,28,62.9354
135.0,0.0,166.0,180.0,10.0,961.0,805.0,28,13.2931
307.0,0.0,0.0,193.0,0.0,968.0,812.0,90,32.9225
331.0,0.0,0.0,192.0,0.0,879.0,825.0,3,13.5206
323.7,282.8,0.0,183.8,10.3,942.7,659.9,7,49.8008
173.54,50.05,173.53,164.77,6.47,1006.2,793.5,56,53.7722
190.68,0.0,125.4,162.14,7.77,1090.0,804.01,56,35.3425
213.5,0.0,174.24,159.21,11.66,1043.6,771.9,100,52.9587
190.34,0.0,125.18,166.61,9.88,1079.0,798.9,28,24.8487
349.0,0.0,0.0,192.0,0.0,1047.0,806.0,28,32.7225
148.0,0.0,182.0,181.0,15.0,839.0,884.0,28,15.5201
305.3,203.5,0.0,203.5,0.0,965.4,631.0,3,14.1439
190.68,0.0,125.4,162.14,7.77,1090.0,804.01,28,26.4
165.0,0.02,143.57,163.81,0.0,1005.6,900.9,14,16.8784
250.2,166.8,0.0,203.5,0.0,977.6,694.1,3,9.73126
322.0,0.0,0.0,203.0,0.0,974.0,800.0,28,25.1797
151.8,178.1,138.7,167.5,18.3,944.0,694.6,28,36.3499
192.0,288.0,0.0,192.0,0.0,929.8,716.1,7,21.4806
165.0,128.5,132.1,175.06,8.08,1005.8,746.6,3,19.4156
272.8,105.1,81.8,209.7,9.0,904.0,679.7,28,37.171
400.0,0.0,0.0,187.0,0.0,1025.0,745.0,7,30.1439
251.37,0.0,118.27,188.45,6.35,1028.4,757.73,28,32.6605
218.23,54.64,123.78,140.75,11.91,1075.7,792.67,3,27.4205
380.0,0.0,0.0,228.0,0.0,932.0,670.0,90,52.9083
108.3,162.4,0.0,203.5,0.0,938.2,849.0,28,20.594
213.74,0.0,174.74,154.79,10.16,1053.5,776.35,100,50.0766
331.0,0.0,0.0,192.0,0.0,978.0,825.0,28,31.447
238.05,0.0,94.11,186.66,7.0,949.91,847.01,28,30.2335
190.68,0.0,125.4,162.14,7.77,1090.0,804.01,100,40.5688
355.9,0.0,141.6,193.3,11.0,801.4,778.4,28,40.8687
139.6,209.4,0.0,192.0,0.0,1047.0,806.9,3,8.06342
475.0,0.0,59.0,142.0,1.9,1098.0,641.0,28,57.2265
236.0,157.0,0.0,192.0,0.0,972.6,749.1,28,32.8846
158.0,0.0,195.0,220.0,11.0,898.0,713.0,28,8.53571
214.9,53.8,121.89,155.63,9.61,1014.3,780.58,3,18.016
213.5,0.0,174.24,159.21,11.66,1043.6,771.9,56,51.2556
287.0,121.0,94.0,188.0,9.0,904.0,696.0,28,41.9408
140.0,164.0,128.0,237.0,6.0,869.0,656.0,28,35.2253
167.95,42.08,163.83,121.75,5.72,1058.7,780.11,56,32.8535
305.3,203.5,0.0,203.5,0.0,965.4,631.0,7,25.894
475.0,118.8,0.0,181.1,8.9,852.1,781.5,7,55.5993
309.9,142.8,111.2,167.8,22.1,913.9,651.2,28,38.2156
190.0,190.0,0.0,228.0,0.0,932.0,670.0,28,40.857
122.6,183.9,0.0,203.5,0.0,958.2,800.1,90,33.1921
277.05,0.0,97.39,160.6,11.83,973.9,875.61,100,55.6407
152.0,178.0,139.0,168.0,18.0,944.0,695.0,28,36.3492
165.0,0.02,143.57,163.81,0.0,1005.6,900.9,100,37.9557
401.8,94.7,0.0,147.4,11.4,946.8,852.1,91,75.4976
475.0,118.8,0.0,181.1,8.9,852.1,781.5,3,37.7971
350.0,0.0,0.0,203.0,0.0,974.0,775.0,14,22.5321
251.37,0.0,118.27,192.94,5.75,1043.6,754.3,100,40.1482
229.97,0.0,118.31,195.47,4.63,1029.4,758.59,56,31.5366
168.88,42.22,124.25,158.33,10.83,1080.8,796.15,14,23.5111
212.57,0.0,100.39,159.35,10.37,1003.8,903.79,14,25.3727
424.0,22.0,132.0,178.0,8.48,822.0,750.0,56,65.6972
401.8,94.7,0.0,147.4,11.4,946.8,852.1,28,68.4994
280.0,129.0,100.0,172.0,9.0,825.0,805.0,28,52.8208
393.0,0.0,0.0,192.0,0.0,940.6,785.6,28,39.6049
322.0,0.0,0.0,203.0,0.0,974.0,800.0,180,29.5854
254.0,0.0,0.0,198.0,0.0,968.0,863.0,180,27.6273
313.3,262.2,0.0,175.5,8.6,1046.9,611.8,56,64.9004
318.8,212.5,0.0,155.7,14.3,852.1,880.4,28,55.4959
355.0,19.0,97.0,145.0,13.13,967.0,871.0,28,44.0299
310.0,0.0,0.0,192.0,0.0,1012.0,830.0,3,11.8521
198.6,132.4,0.0,192.0,0.0,978.4,825.5,3,9.13142
200.0,133.0,0.0,192.0,0.0,965.4,806.2,7,17.1659
133.1,210.2,0.0,195.7,3.1,949.4,795.3,28,28.938
334.0,17.6,158.0,189.0,15.3,967.0,633.0,28,44.3264
182.04,45.21,121.97,170.21,8.19,1059.4,780.65,56,43.499
349.0,0.0,0.0,192.0,0.0,1047.0,806.9,3,15.0492
218.85,0.0,124.13,158.49,11.33,1078.7,794.91,100,46.2294
166.09,0.0,163.27,176.46,4.49,1058.6,780.09,3,10.7627
260.9,100.5,78.3,200.6,8.6,864.5,761.5,28,32.4012
148.0,175.0,0.0,171.0,2.0,1000.0,828.0,28,26.9171
385.0,0.0,0.0,186.0,0.0,966.0,763.0,3,14.6996
181.38,0.0,167.01,169.59,7.56,1055.6,777.8,56,35.5701
250.0,0.0,95.69,191.84,5.33,948.9,857.2,100,41.1617
200.0,133.0,0.0,192.0,0.0,965.4,806.2,28,30.4397
252.31,0.0,98.75,146.25,14.17,987.76,889.01,100,60.9497
214.9,53.8,121.89,155.63,9.61,1014.3,780.58,14,38.6038
236.0,0.0,0.0,193.0,0.0,968.0,885.0,7,9.99051
152.6,238.7,0.0,200.0,6.3,1001.8,683.9,28,26.8599
469.0,117.2,0.0,137.8,32.2,852.1,840.5,91,70.6989
337.9,189.0,0.0,174.9,9.5,944.7,755.8,28,49.8974
525.0,0.0,0.0,189.0,0.0,1125.0,613.0,3,33.7981
160.0,188.0,146.0,203.0,11.0,829.0,710.0,28,32.8397
332.5,142.5,0.0,228.0,0.0,932.0,594.0,180,39.7793
376.0,0.0,0.0,214.6,0.0,1003.5,762.36,56,36.3009
149.0,117.6,91.7,182.9,7.1,953.4,780.3,28,23.5242
337.9,189.0,0.0,174.9,9.5,944.7,755.8,56,59.8948
387.0,20.0,94.0,157.0,14.32,938.0,845.0,56,56.3371
172.38,13.61,172.37,156.76,4.14,1006.3,856.4,14,29.7509
102.0,153.0,0.0,192.0,0.0,887.0,942.0,90,25.461
213.74,0.0,174.74,154.79,10.16,1053.5,776.35,3,17.5747
475.0,0.0,0.0,228.0,0.0,932.0,594.0,180,42.6206
159.0,149.0,116.0,175.0,15.0,953.0,720.0,28,27.6756
322.0,149.0,0.0,186.0,8.0,951.0,709.0,28,52.4209
266.0,112.0,87.0,178.0,10.0,910.0,745.0,28,39.4173
251.37,0.0,118.27,192.94,5.75,1043.6,754.3,14,20.7256
397.0,0.0,0.0,185.7,0.0,1040.6,734.3,28,33.0824
273.0,0.0,90.0,199.0,11.0,931.0,762.0,28,32.2399
475.0,0.0,0.0,228.0,0.0,932.0,594.0,90,42.229
190.68,0.0,125.4,162.14,7.77,1090.0,804.01,3,15.0444
231.75,0.0,121.62,173.96,6.72,1056.4,778.45,3,15.4374
132.0,207.0,161.0,179.0,5.0,867.0,736.0,28,33.3017
350.0,0.0,0.0,203.0,0.0,974.0,775.0,90,31.3505
296.0,0.0,0.0,192.0,0.0,1085.0,765.0,28,21.6495
159.0,209.0,161.0,201.0,7.0,848.0,669.0,28,30.8816
362.6,189.0,0.0,164.9,11.6,944.7,755.8,91,79.2966
295.71,0.0,95.64,171.54,8.87,955.14,859.2,28,39.9413
375.0,0.0,0.0,186.0,0.0,1038.0,758.0,7,26.0622
252.5,0.0,0.0,185.7,0.0,1111.6,784.3,7,11.4839
303.6,139.9,0.0,213.5,6.2,895.5,722.5,28,33.4196
342.0,38.0,0.0,228.0,0.0,932.0,670.0,365,56.142
425.0,106.3,0.0,153.5,16.5,852.1,887.1,56,64.3005
213.74,0.0,174.74,154.79,10.16,1053.5,776.35,28,40.1482
251.37,0.0,118.27,188.45,6.35,1028.4,757.73,3,13.1207
298.1,0.0,107.0,186.4,6.1,879.0,815.2,28,42.6441
374.3,0.0,0.0,190.2,6.7,1013.2,730.4,28,39.0561
190.34,0.0,125.18,161.85,9.88,1088.1,802.59,3,9.44582
531.3,0.0,0.0,141.8,28.2,852.1,893.7,28,56.3991
350.0,0.0,0.0,186.0,0.0,1050.0,770.0,28,34.2945
225.0,0.0,0.0,181.0,0.0,1113.0,833.0,28,17.3403
212.07,0.0,121.62,180.31,5.69,1057.6,779.32,3,12.4726
252.31,0.0,98.75,146.25,14.17,987.76,889.01,14,42.2925
298.0,0.0,107.0,164.0,13.0,953.0,784.0,28,35.8596
297.0,0.0,0.0,186.0,0.0,1040.0,734.0,7,30.9575
313.0,0.0,113.0,178.0,8.0,1002.0,689.0,28,36.8042
157.0,236.0,0.0,192.0,0.0,935.4,781.2,3,9.69472
157.0,236.0,0.0,192.0,0.0,935.4,781.2,7,16.8894
333.0,0.0,0.0,192.0,0.0,931.2,842.6,3,15.6159
132.0,206.5,160.9,178.9,5.5,866.9,735.6,28,33.3065
427.5,47.5,0.0,228.0,0.0,932.0,594.0,7,35.0764
154.8,183.4,0.0,193.3,9.1,1047.4,696.7,28,18.2877
439.0,177.0,0.0,186.0,11.1,884.9,707.9,91,73.2982
151.0,0.0,184.0,167.0,12.0,991.0,772.0,28,15.5684
194.68,0.0,100.52,165.62,7.48,1006.4,905.9,14,24.9866
139.6,209.4,0.0,192.0,0.0,1047.0,806.9,90,39.358
393.0,0.0,0.0,192.0,0.0,940.6,785.6,90,48.8466
237.5,237.5,0.0,228.0,0.0,932.0,594.0,7,26.258
297.8,137.2,106.9,201.3,6.0,878.4,655.3,28,53.5247
322.0,0.0,116.0,196.0,10.0,818.0,813.0,28,31.1781
480.0,0.0,0.0,192.0,0.0,936.2,712.2,90,54.3155
298.0,0.0,107.0,186.0,6.0,879.0,815.0,28,42.6372
491.0,26.0,123.0,201.0,3.93,822.0,699.0,3,29.549
277.05,0.0,97.39,160.6,11.83,973.9,875.61,56,51.035
500.0,0.0,0.0,200.0,0.0,1125.0,613.0,1,12.6381
116.0,173.0,0.0,192.0,0.0,909.8,891.9,3,6.28044
250.0,0.0,95.69,187.42,5.53,956.86,861.17,3,13.8171
380.0,95.0,0.0,228.0,0.0,932.0,594.0,270,41.1514
310.0,0.0,0.0,192.0,0.0,970.0,850.0,28,27.9238
167.35,129.9,128.62,175.46,7.79,1006.3,746.6,100,53.655
141.9,166.6,129.7,173.5,10.9,882.6,785.3,28,44.6119
385.0,0.0,136.0,158.0,20.0,903.0,768.0,28,55.5511
250.0,0.0,95.69,187.42,5.53,956.86,861.17,100,42.3476
332.5,142.5,0.0,228.0,0.0,932.0,594.0,90,37.7219
158.6,148.9,116.0,175.1,15.0,953.3,719.7,28,27.6811
160.0,128.0,122.0,182.0,6.4,824.0,879.0,28,39.3967
387.0,20.0,94.0,157.0,11.61,938.0,845.0,7,41.665
310.0,142.8,0.0,167.9,10.0,914.3,804.0,28,45.3048
313.0,145.0,0.0,178.0,8.0,867.0,824.0,28,44.3885
349.0,0.0,0.0,192.0,0.0,1056.0,809.0,7,9.01145
276.0,116.0,90.0,180.0,9.0,870.0,768.0,28,44.2781
190.34,0.0,125.18,161.85,9.88,1088.1,802.59,100,40.3895
149.0,236.0,0.0,176.0,13.0,847.0,893.0,28,32.957
149.0,118.0,92.0,183.0,7.0,953.0,780.0,28,23.518
359.0,19.0,141.0,154.0,10.91,942.0,801.0,7,35.7543
150.9,0.0,183.9,166.6,11.6,991.2,772.2,28,15.5697
164.0,0.0,200.0,181.0,13.0,849.0,846.0,28,15.0857
339.0,0.0,0.0,197.0,0.0,968.0,781.0,180,36.4457
304.8,0.0,99.6,196.0,9.8,959.4,705.2,28,30.1232
222.36,0.0,96.67,189.29,4.46,967.08,870.32,28,24.8901
331.0,0.0,0.0,192.0,0.0,1025.0,821.0,120,39.3829
318.8,212.5,0.0,155.7,14.3,852.1,880.4,91,68.0995
173.0,116.0,0.0,192.0,0.0,946.8,856.8,90,32.1027
331.0,0.0,0.0,192.0,0.0,1025.0,821.0,28,31.7435
296.0,0.0,0.0,192.0,0.0,1085.0,765.0,90,29.3924
375.0,93.8,0.0,126.6,23.4,852.1,992.6,28,56.6956
250.0,0.0,95.69,187.42,5.53,956.86,861.17,14,24.9177
116.0,173.0,0.0,192.0,0.0,909.8,891.9,7,10.0898
439.0,177.0,0.0,186.0,11.1,884.9,707.9,7,56.0958
165.0,0.02,143.57,163.81,0.0,1005.6,900.9,56,36.5629
194.68,0.0,100.52,170.17,7.48,998.0,901.8,28,37.2662
295.0,0.0,0.0,185.0,0.0,1069.0,769.0,7,14.7962
236.0,0.0,0.0,193.0,0.0,968.0,885.0,365,25.0831
252.0,0.0,0.0,186.0,0.0,1111.0,784.0,7,11.466
183.9,122.6,0.0,203.5,0.0,959.2,800.0,7,10.7875
323.7,282.8,0.0,183.8,10.3,942.7,659.9,28,74.6978
304.0,76.0,0.0,228.0,0.0,932.0,670.0,90,49.1852
531.3,0.0,0.0,141.8,28.2,852.1,893.7,91,59.1984
190.34,0.0,125.18,166.61,9.88,1079.0,798.9,14,19.4156
148.1,0.0,182.1,181.4,15.0,838.9,884.3,28,15.5263
213.72,98.05,24.51,181.71,6.86,1065.8,785.38,28,45.7054
183.9,122.6,0.0,203.5,0.0,959.2,800.0,28,24.0462
261.0,100.0,78.0,201.0,9.0,864.0,761.0,28,32.3985
314.0,0.0,113.0,170.0,10.0,925.0,783.0,28,38.459
266.0,114.0,0.0,228.0,0.0,932.0,670.0,28,45.8543
304.0,140.0,0.0,214.0,6.0,895.0,722.0,28,33.4189
237.5,237.5,0.0,228.0,0.0,932.0,594.0,28,30.0798
446.0,24.0,79.0,162.0,11.64,967.0,712.0,3,25.0211
183.9,122.6,0.0,203.5,0.0,959.2,800.0,90,32.5329
251.37,0.0,118.27,188.45,5.75,1028.4,757.73,56,36.9697
252.31,0.0,98.75,146.25,14.17,987.76,889.01,56,55.8269
382.0,0.0,0.0,186.0,0.0,1111.0,784.0,7,11.466
186.2,124.1,0.0,185.7,0.0,1083.4,764.3,28,17.5968
157.0,236.0,0.0,192.0,0.0,935.4,781.2,90,43.377
238.0,0.0,0.0,186.0,0.0,1119.0,789.0,28,17.5403
500.0,0.0,0.0,200.0,0.0,1125.0,613.0,3,26.0622
181.38,0.0,167.01,169.59,7.56,1055.6,777.8,28,27.7721
275.0,0.0,0.0,183.0,0.0,1088.0,808.0,28,24.4971
249.1,0.0,98.75,158.11,12.8,987.76,889.01,28,30.8472
167.0,75.4,167.0,164.03,7.91,1007.3,770.1,28,41.4099
388.6,97.1,0.0,157.9,12.1,852.1,925.7,91,57.5988
525.0,0.0,0.0,189.0,0.0,1125.0,613.0,14,48.4012
250.2,166.8,0.0,203.5,0.0,977.6,694.1,7,19.3501
145.0,0.0,179.0,202.0,8.0,824.0,869.0,28,10.5352
135.7,203.5,0.0,185.7,0.0,1076.2,759.3,7,7.50701
480.0,0.0,0.0,192.0,0.0,936.0,721.0,3,24.3937
424.0,22.0,132.0,168.0,8.92,822.0,750.0,3,32.1099
375.0,93.8,0.0,126.6,23.4,852.1,992.6,91,62.501
425.0,106.3,0.0,151.4,18.6,936.0,803.7,91,66.6999
155.0,0.0,143.0,193.0,9.0,877.0,868.0,28,9.7354
284.0,119.7,0.0,168.3,7.2,970.4,794.2,28,40.9349
385.0,0.0,0.0,186.0,0.0,966.0,763.0,28,31.3505
133.0,200.0,0.0,192.0,0.0,927.4,839.2,90,36.5884
218.85,0.0,124.13,158.49,11.33,1078.7,794.91,56,37.2662
387.0,20.0,94.0,157.0,11.61,938.0,845.0,28,46.6844
213.5,0.0,174.24,154.61,11.66,1052.3,775.48,3,17.3679
229.97,0.0,118.31,195.47,4.63,1029.4,758.59,14,20.0844
389.9,189.0,0.0,145.9,22.0,944.7,755.8,28,74.4979
140.0,133.0,103.0,200.0,7.0,916.0,753.0,28,36.4388
325.0,0.0,0.0,184.0,0.0,1063.0,783.0,28,30.5714
374.0,189.2,0.0,170.1,10.1,926.1,756.7,91,64.9004
153.6,144.2,112.3,220.1,10.1,923.2,657.9,28,16.504
166.09,0.0,163.27,176.46,4.49,1058.6,780.09,28,21.5392
275.0,0.0,0.0,183.0,0.0,1088.0,808.0,7,14.2032
290.35,0.0,96.18,168.08,9.41,961.18,865.0,100,48.9735
251.81,0.0,99.94,146.14,12.35,1006.0,899.76,56,44.1403
173.54,50.05,173.53,164.77,6.47,1006.2,793.5,14,33.0052
439.0,177.0,0.0,186.0,11.1,884.9,707.9,28,65.9966
212.07,0.0,121.62,180.31,5.69,1057.6,779.32,56,34.2049
167.95,42.08,163.83,121.75,5.72,1058.7,780.11,28,24.242
172.38,13.61,172.37,156.76,4.14,1006.3,856.4,100,37.6799
231.75,0.0,121.62,173.96,6.72,1056.4,778.45,14,26.7724
173.81,93.37,159.9,172.34,9.73,1007.2,746.6,28,37.8109
393.0,0.0,0.0,192.0,0.0,940.0,758.0,28,39.5828
155.6,243.5,0.0,180.3,10.7,1022.0,697.7,28,37.3634
156.0,178.0,187.0,221.0,7.0,854.0,614.0,28,29.413
153.0,145.0,0.0,178.0,8.0,1000.0,822.0,28,19.0089
289.0,134.0,0.0,195.0,6.0,924.0,760.0,28,46.2432
375.0,93.8,0.0,126.6,23.4,852.1,992.6,56,60.1982
141.3,212.0,0.0,203.5,0.0,971.8,748.5,7,10.3939
173.81,93.37,159.9,172.34,9.73,1007.2,746.6,14,29.5509
310.0,0.0,0.0,192.0,0.0,970.0,850.0,180,37.3282
500.0,0.0,0.0,200.0,0.0,1125.0,613.0,270,55.1581
350.0,0.0,0.0,203.0,0.0,974.0,775.0,28,27.3377
313.3,145.0,0.0,178.5,8.0,867.2,824.0,28,40.9252
229.68,0.0,118.16,195.23,6.13,1028.1,757.63,100,40.8583
173.0,116.0,0.0,192.0,0.0,946.8,856.8,7,11.3922
153.1,145.0,113.0,178.5,8.0,1001.9,688.7,28,25.5596
238.0,0.0,0.0,185.0,0.0,1118.0,789.0,28,17.5403
144.0,0.0,175.0,158.0,18.0,943.0,844.0,28,15.4167
153.1,145.0,113.0,178.5,8.0,867.2,824.0,28,26.2332
141.3,212.0,0.0,203.5,0.0,971.8,748.5,28,29.8922
166.0,260.0,0.0,183.0,13.0,859.0,827.0,28,37.9143
349.0,0.0,0.0,192.0,0.0,1047.0,806.0,7,18.1263
172.38,13.61,172.37,156.76,4.14,1006.3,856.4,3,21.291
321.3,164.2,0.0,190.5,4.6,870.0,774.0,28,57.2182
289.0,0.0,0.0,192.0,0.0,913.2,895.3,3,11.6549
182.04,45.21,121.97,170.21,8.19,1059.4,780.65,28,31.2677
252.0,97.0,76.0,194.0,8.0,835.0,821.0,28,33.3982
173.81,93.37,159.9,172.34,9.73,1007.2,746.6,100,50.9385
284.0,15.0,141.0,179.0,5.46,842.0,801.0,3,13.3955
475.0,118.8,0.0,181.1,8.9,852.1,781.5,28,68.2995
141.3,212.0,0.0,203.5,0.0,971.8,748.5,90,39.6621
212.52,0.0,100.37,159.32,8.71,1007.8,903.59,28,31.6401
336.0,0.0,0.0,182.0,3.0,986.0,817.0,28,44.8642
325.0,0.0,0.0,184.0,0.0,1063.0,783.0,7,17.5403
116.0,173.0,0.0,192.0,0.0,909.8,891.9,28,22.348
145.0,116.0,119.0,184.0,5.7,833.0,880.0,28,29.1579
287.3,120.5,93.9,187.6,9.2,904.4,695.9,28,43.7983
159.0,187.0,0.0,176.0,11.0,990.0,789.0,28,32.7639
212.52,0.0,100.37,159.32,8.71,1007.8,903.59,56,42.5476
310.0,0.0,0.0,192.0,0.0,970.0,850.0,360,38.1142
133.0,200.0,0.0,192.0,0.0,927.4,839.2,3,6.88373
297.16,0.0,117.54,174.8,9.52,1022.8,753.45,28,47.4015
173.0,116.0,0.0,192.0,0.0,946.8,856.8,3,6.94095
178.03,129.8,118.6,179.94,3.57,1007.3,746.8,28,39.1622
157.0,214.0,152.0,200.0,9.0,819.0,704.0,28,33.0535
349.0,0.0,0.0,192.0,0.0,1056.0,809.0,28,33.6051
505.0,0.0,60.0,195.0,0.0,1030.0,630.0,28,64.0178
251.37,0.0,118.27,188.45,6.35,1028.4,757.73,56,36.6388
331.0,0.0,0.0,192.0,0.0,978.0,825.0,180,38.9968
183.9,122.6,0.0,203.5,0.0,959.2,800.0,3,4.90355
200.0,133.0,0.0,192.0,0.0,965.4,806.2,3,11.4143
277.05,0.0,97.39,160.6,11.83,973.9,875.61,28,48.284
250.0,180.0,95.0,159.0,9.45,860.0,800.0,28,67.8651
178.03,129.8,118.6,179.94,3.57,1007.3,746.8,3,20.7256
238.05,0.0,94.11,186.66,7.0,949.91,847.01,100,44.2988
136.4,161.6,125.8,171.6,10.4,922.6,764.4,28,29.0731
145.7,172.6,0.0,181.9,3.4,985.8,816.8,28,23.7442
387.0,20.0,94.0,157.0,11.61,938.0,845.0,56,61.4599
218.85,0.0,124.13,158.49,11.33,1078.7,794.91,28,30.2197
359.0,19.0,141.0,154.0,10.91,942.0,801.0,56,68.7506
133.0,200.0,0.0,192.0,0.0,927.4,839.2,28,27.8748
313.8,0.0,112.6,169.9,10.1,925.3,782.9,28,38.461
143.0,169.4,142.7,190.7,8.4,967.4,643.5,28,29.7261
184.0,86.0,190.0,213.0,6.0,923.0,623.0,28,22.932
350.0,0.0,0.0,186.0,0.0,1050.0,770.0,7,20.2775
300.0,0.0,120.0,212.0,10.0,878.0,728.0,28,23.8352
147.0,115.0,89.0,202.0,9.0,860.0,829.0,28,19.9879
288.0,192.0,0.0,192.0,0.0,932.0,717.8,3,16.1096
155.0,183.0,0.0,193.0,9.0,1047.0,697.0,28,18.2849
290.2,193.5,0.0,185.7,0.0,998.2,704.3,7,21.8591
162.0,190.1,148.1,178.8,18.8,838.1,741.4,28,33.7623
339.0,0.0,0.0,197.0,0.0,968.0,781.0,28,32.04
525.0,0.0,0.0,189.0,0.0,1125.0,613.0,270,67.1136
439.0,177.0,0.0,186.0,11.1,884.9,707.9,3,39.3001
212.0,0.0,124.78,159.0,7.84,1085.4,799.54,28,38.5003
310.0,0.0,0.0,192.0,0.0,1012.0,830.0,7,17.2438
337.9,189.0,0.0,174.9,9.5,944.7,755.8,91,67.7962
289.0,0.0,0.0,192.0,0.0,913.2,895.3,28,25.5734
237.5,237.5,0.0,228.0,0.0,932.0,594.0,270,38.408
158.8,238.2,0.0,185.7,0.0,1040.6,734.3,28,21.0662
194.68,0.0,100.52,165.62,7.48,1006.4,905.9,3,12.4519
288.0,192.0,0.0,192.0,0.0,932.0,717.8,28,38.8044
313.0,0.0,0.0,178.0,8.0,1000.0,822.0,28,25.0969
148.0,0.0,137.0,158.0,16.0,1002.0,830.0,28,17.954
146.0,230.0,0.0,202.0,3.0,827.0,872.0,28,33.0604
143.8,136.3,106.2,178.1,7.5,941.5,774.3,28,26.1477
350.0,0.0,0.0,203.0,0.0,974.0,775.0,7,18.1263
388.6,97.1,0.0,157.9,12.1,852.1,925.7,7,34.9013
238.2,158.8,0.0,185.7,0.0,1040.6,734.3,28,26.9137
212.0,0.0,124.78,159.0,7.84,1085.4,799.54,3,19.5191
385.0,0.0,0.0,186.0,0.0,966.0,763.0,14,27.9238
339.0,0.0,0.0,197.0,0.0,968.0,781.0,3,13.2241
153.0,102.0,0.0,192.0,0.0,888.0,943.1,7,8.37438
446.0,24.0,79.0,162.0,10.3,967.0,712.0,56,54.7651
135.7,203.5,0.0,185.7,0.0,1076.2,759.3,28,18.1987
314.0,145.0,113.0,179.0,8.0,869.0,690.0,28,46.2294
213.72,98.05,24.51,181.71,6.86,1065.8,785.38,14,30.3852
213.5,0.0,174.24,159.21,11.66,1043.6,771.9,3,15.6097
525.0,0.0,0.0,189.0,0.0,1125.0,613.0,90,58.7847
178.03,129.8,118.6,179.94,3.57,1007.3,746.8,14,34.2394
349.0,0.0,0.0,192.0,0.0,1047.0,806.0,90,39.4863
296.0,0.0,107.0,221.0,11.0,819.0,778.0,28,31.4194
229.68,0.0,118.16,195.23,6.13,1028.1,757.63,28,24.5385
198.6,132.4,0.0,192.0,0.0,978.4,825.5,360,44.2961
349.0,0.0,0.0,192.0,0.0,1047.0,806.0,360,42.127
192.0,288.0,0.0,192.0,0.0,929.8,716.1,3,12.7884
162.0,214.0,164.0,202.0,10.0,820.0,680.0,28,30.6472
300.0,0.0,0.0,184.0,0.0,1075.0,795.0,28,26.8482
350.0,0.0,0.0,203.0,0.0,974.0,775.0,180,32.7225
295.8,0.0,0.0,185.7,0.0,1091.4,769.3,28,25.2169
500.0,0.0,0.0,200.0,0.0,1125.0,613.0,14,36.9352
200.0,133.0,0.0,192.0,0.0,965.4,806.2,90,43.2508
401.8,94.7,0.0,147.4,11.4,946.8,852.1,7,54.0963
273.0,105.0,82.0,210.0,9.0,904.0,680.0,28,37.1697
540.0,0.0,0.0,173.0,0.0,1125.0,613.0,7,52.6139
272.8,181.9,0.0,185.7,0.0,1012.4,714.3,28,31.3815
194.68,0.0,100.52,170.17,7.48,998.0,901.8,14,24.2833
359.0,19.0,141.0,154.0,10.91,942.0,801.0,3,23.6392
380.0,95.0,0.0,228.0,0.0,932.0,594.0,180,40.7591
198.6,132.4,0.0,192.0,0.0,978.4,825.5,180,41.7195
393.0,0.0,0.0,192.0,0.0,940.0,758.0,3,19.1054
298.0,0.0,107.0,210.0,11.0,880.0,744.0,28,31.8745
167.95,42.08,163.83,121.75,5.72,1058.7,780.11,3,7.74971
318.8,212.5,0.0,155.7,14.3,852.1,880.4,56,66.1001
342.0,38.0,0.0,228.0,0.0,932.0,670.0,180,52.1244
146.0,173.0,0.0,182.0,3.0,986.0,817.0,28,23.7387
212.52,0.0,100.37,159.32,8.71,1007.8,903.59,3,13.5413
424.0,22.0,132.0,168.0,8.92,822.0,750.0,7,40.2851
500.0,0.0,0.0,200.0,0.0,1125.0,613.0,90,47.2222
285.0,190.0,0.0,163.0,7.6,1031.0,685.0,28,53.5792
295.71,0.0,95.64,171.54,8.87,955.14,859.2,56,48.7184
213.5,0.0,174.24,159.21,11.66,1043.6,771.9,28,44.6367
203.5,305.3,0.0,203.5,0.0,963.4,630.0,28,41.6843
250.0,0.0,95.69,191.84,5.33,948.9,857.2,3,8.48745
277.0,0.0,0.0,191.0,0.0,968.0,856.0,360,33.7016
284.0,15.0,141.0,179.0,5.46,842.0,801.0,56,44.5205
379.5,151.2,0.0,153.9,15.9,1134.3,605.0,56,54.8961
310.0,0.0,0.0,192.0,0.0,971.0,850.6,3,9.8664
387.0,20.0,94.0,157.0,13.93,938.0,845.0,56,47.9668
236.0,157.0,0.0,192.0,0.0,972.6,749.1,7,20.4161
425.0,106.3,0.0,151.4,18.6,936.0,803.7,56,64.9004
164.6,0.0,150.4,181.6,11.7,1023.3,728.9,28,18.0339
289.0,0.0,0.0,192.0,0.0,913.2,895.3,7,14.5969
288.0,121.0,0.0,177.0,7.0,908.0,829.0,28,42.1339
143.6,0.0,174.9,158.4,17.9,942.7,844.5,28,15.4236
266.0,114.0,0.0,228.0,0.0,932.0,670.0,180,48.6956
374.0,0.0,0.0,190.0,7.0,1013.0,730.0,28,39.0519
304.0,76.0,0.0,228.0,0.0,932.0,670.0,28,47.8138
286.3,200.9,0.0,144.7,11.2,1004.6,803.7,91,76.8007
342.0,38.0,0.0,228.0,0.0,932.0,670.0,90,50.4593
202.0,11.0,141.0,206.0,1.72,942.0,801.0,3,9.84966
356.0,119.0,0.0,160.0,9.03,1061.0,657.0,28,58.9985
229.97,0.0,118.31,195.47,4.63,1029.4,758.59,28,24.4833
331.0,0.0,0.0,192.0,0.0,978.0,825.0,90,37.2317
229.68,0.0,118.16,195.23,6.13,1028.1,757.63,14,22.3183
525.0,0.0,0.0,189.0,0.0,1125.0,613.0,7,42.4235
237.5,237.5,0.0,228.0,0.0,932.0,594.0,90,33.1169
155.0,0.0,143.0,193.0,9.0,1047.0,697.0,28,12.4588
218.23,54.64,123.78,140.75,11.91,1075.7,792.67,28,55.5097
382.0,0.0,0.0,186.0,0.0,1047.0,739.0,7,24.0007
397.0,0.0,0.0,186.0,0.0,1040.0,734.0,28,36.9352
500.0,0.0,0.0,200.0,0.0,1125.0,613.0,7,33.2121
249.1,0.0,98.75,158.11,12.8,987.76,889.01,3,15.3615
310.0,0.0,0.0,192.0,0.0,1012.0,830.0,120,38.7003
251.37,0.0,118.27,188.45,5.75,1028.4,757.73,14,29.9302
500.0,0.0,0.0,200.0,0.0,1125.0,613.0,28,44.092
387.0,20.0,94.0,157.0,14.32,938.0,845.0,28,50.2352
446.0,24.0,79.0,162.0,11.64,967.0,712.0,7,38.0177
322.2,0.0,115.6,196.0,10.4,817.9,813.4,28,31.1788
310.0,143.0,0.0,168.0,10.0,914.0,804.0,28,45.2986
326.0,0.0,138.0,199.0,11.0,801.0,792.0,28,40.6791
182.04,45.21,121.97,170.21,8.19,1059.4,780.65,100,48.6701
167.95,42.08,163.83,121.75,5.72,1058.7,780.11,14,17.823
222.36,0.0,96.67,189.29,4.46,967.08,870.32,14,24.4488
203.5,135.7,0.0,185.7,0.0,1076.2,759.3,28,22.63
540.0,0.0,0.0,173.0,0.0,1125.0,613.0,28,67.3066
167.0,75.4,167.0,164.03,7.91,1007.3,770.1,14,32.9018
331.0,0.0,0.0,192.0,0.0,1025.0,821.0,3,14.3066
491.0,26.0,123.0,201.0,3.93,822.0,699.0,28,57.916
366.0,187.0,0.0,191.0,7.0,824.0,757.0,28,65.907
525.0,0.0,0.0,189.0,0.0,1125.0,613.0,180,61.9218
362.6,189.0,0.0,164.9,11.6,944.7,755.8,7,22.8975
339.2,0.0,0.0,185.7,0.0,1069.2,754.3,28,31.9
173.81,93.37,159.9,172.34,9.73,1007.2,746.6,3,15.8166
540.0,0.0,0.0,162.0,2.5,1055.0,676.0,28,61.8874
154.8,0.0,142.8,193.3,9.1,1047.4,696.7,28,12.4595
325.6,166.4,0.0,174.0,8.9,881.6,790.0,28,61.2358
290.2,193.5,0.0,185.7,0.0,998.2,704.3,28,33.0431
401.8,94.7,0.0,147.4,11.4,946.8,852.1,3,41.0997
213.72,98.05,24.51,181.71,6.86,1065.8,785.38,3,17.9953
190.0,190.0,0.0,228.0,0.0,932.0,670.0,365,53.6923
540.0,0.0,0.0,173.0,0.0,1125.0,613.0,3,41.6375
289.0,0.0,0.0,192.0,0.0,913.2,895.3,90,32.0682
167.0,75.4,167.0,164.03,7.91,1007.3,770.1,56,53.462
446.0,24.0,79.0,162.0,11.61,967.0,712.0,7,52.0072
450.1,50.0,0.0,200.0,3.0,1124.4,613.2,28,39.376
425.0,106.3,0.0,151.4,18.6,936.0,803.7,7,46.8016
218.23,54.64,123.78,140.75,11.91,1075.7,792.67,100,63.5283
255.0,99.0,77.0,189.0,6.0,919.0,749.0,28,33.7981
186.2,124.1,0.0,185.7,0.0,1083.4,764.3,7,7.99585
218.85,0.0,124.13,158.49,11.33,1078.7,794.91,3,15.3408
252.0,0.0,0.0,185.0,0.0,1111.0,784.0,7,13.7137
212.0,0.0,124.78,159.0,7.84,1085.4,799.54,14,31.3505
190.0,190.0,0.0,228.0,0.0,932.0,670.0,90,42.3269
297.16,0.0,117.54,174.8,9.52,1022.8,753.45,3,21.9115
307.0,0.0,0.0,193.0,0.0,968.0,812.0,28,27.5308
173.54,50.05,173.53,164.77,6.47,1006.2,793.5,3,23.0768
168.88,42.22,124.25,158.33,10.83,1080.8,796.15,56,39.1484
233.81,0.0,94.58,197.89,4.567,947.04,852.16,14,22.1391
265.0,111.0,86.0,195.0,6.0,833.0,790.0,28,41.5409
264.5,111.0,86.5,195.5,5.9,832.6,790.4,28,41.5423
305.3,203.5,0.0,203.5,0.0,965.4,631.0,28,43.377
142.0,167.0,130.0,174.0,11.0,883.0,785.0,28,44.6091
424.0,22.0,132.0,178.0,8.48,882.0,750.0,3,32.0114
317.9,0.0,126.5,209.7,5.7,860.5,736.6,28,40.062
359.0,19.0,141.0,154.0,10.91,942.0,801.0,7,38.6107
356.0,0.0,142.0,193.0,11.0,801.0,778.0,28,40.8652
212.0,0.0,124.78,159.0,7.84,1085.4,799.54,56,45.0848
238.1,0.0,0.0,185.7,0.0,1118.8,789.3,7,10.3359
150.0,237.0,0.0,174.0,12.0,1069.0,675.0,28,37.4317
381.4,0.0,0.0,185.7,0.0,1104.6,784.3,7,14.541
250.2,166.8,0.0,203.5,0.0,977.6,694.1,28,36.9642
312.7,0.0,0.0,178.1,8.0,999.7,822.2,28,25.1038
229.97,0.0,118.31,195.47,4.63,1029.4,758.59,100,35.3425
382.0,0.0,0.0,185.0,0.0,1047.0,739.0,7,24.0007
310.0,0.0,0.0,192.0,0.0,1012.0,830.0,28,27.8273
491.0,26.0,123.0,210.0,3.93,882.0,699.0,28,55.5511
122.6,183.9,0.0,203.5,0.0,958.2,800.1,3,3.31983
393.0,0.0,0.0,192.0,0.0,940.6,785.6,3,19.1991
304.0,76.0,0.0,228.0,0.0,932.0,670.0,180,50.9488
355.0,19.0,97.0,145.0,12.25,967.0,871.0,28,55.4546
228.0,342.1,0.0,185.7,0.0,955.8,674.3,7,21.9171
153.0,145.0,113.0,178.0,8.0,1002.0,689.0,28,25.5589
331.0,0.0,0.0,192.0,0.0,978.0,825.0,3,13.5206
251.37,0.0,118.27,188.45,5.75,1028.4,757.73,28,29.6544
139.6,209.4,0.0,192.0,0.0,1047.0,806.9,28,28.2375
275.07,0.0,121.35,159.48,9.9,1053.6,777.5,56,56.8473
446.0,24.0,79.0,162.0,11.64,967.0,712.0,56,55.2546
222.36,0.0,96.67,189.29,4.46,967.08,870.32,3,11.5763
290.35,0.0,96.18,168.08,9.41,961.18,865.0,14,34.6737
147.8,175.1,0.0,171.2,2.2,1000.0,828.5,28,26.9227
190.34,0.0,125.18,161.85,9.88,1088.1,802.59,14,22.7182
167.35,129.9,128.62,175.46,7.79,1006.3,746.6,3,14.9409
162.0,190.0,148.0,179.0,19.0,838.0,741.0,28,33.7567
173.54,50.05,173.53,164.77,6.47,1006.2,793.5,28,38.2039
202.0,11.0,141.0,206.0,1.72,942.0,801.0,28,21.9667
214.9,53.8,121.89,155.63,9.61,1014.3,780.58,56,53.9584
302.0,0.0,0.0,203.0,0.0,974.0,817.0,14,18.1263
246.83,0.0,125.08,143.3,11.99,1086.8,800.89,56,60.3223
133.0,200.0,0.0,192.0,0.0,927.4,839.2,7,13.664
475.0,118.8,0.0,181.1,8.9,852.1,781.5,56,72.2985
236.0,157.0,0.0,192.0,0.0,972.6,749.1,90,47.7821
313.0,161.0,0.0,178.0,10.0,917.0,759.0,28,52.4415
362.6,189.0,0.0,164.9,11.6,944.7,755.8,7,55.8958
516.0,0.0,0.0,162.0,8.26,801.0,802.0,28,41.3686
337.9,189.0,0.0,174.9,9.5,944.7,755.8,3,24.0972
446.0,24.0,79.0,162.0,11.64,967.0,712.0,56,56.144
277.19,97.82,24.46,160.7,11.19,1061.7,782.46,3,30.4473
213.76,98.06,24.52,181.74,6.65,1066.0,785.52,100,49.9732
387.0,20.0,94.0,157.0,11.61,938.0,845.0,3,34.7703
286.3,200.9,0.0,144.7,11.2,1004.6,803.7,28,67.6996
375.0,0.0,0.0,186.0,0.0,1038.0,758.0,28,38.2108
427.5,47.5,0.0,228.0,0.0,932.0,594.0,180,41.8367
310.0,0.0,0.0,192.0,0.0,1012.0,830.0,90,35.7631
313.3,262.2,0.0,175.5,8.6,1046.9,611.8,3,28.7994
337.9,189.0,0.0,174.9,9.5,944.7,755.8,7,35.1012
168.88,42.22,124.25,158.33,10.83,1080.8,796.15,3,7.39808
153.0,145.0,113.0,178.0,8.0,867.0,824.0,28,26.2277
165.0,128.5,132.1,175.06,8.08,1005.8,746.6,100,55.0202
286.3,200.9,0.0,144.7,11.2,1004.6,803.7,7,37.997
